{"25": 0.23965846414189795, "26": 0.05608709605314677, "27": 0.706866829562455, "28": 0.8134128099411242, "29": 0.8333496654995476, "30": 0.3845084753520561, "31": 0.3879070571013986, "32": 0.8678065904273965, "33": 0.499990138801084, "34": 0.3153602764859248, "35": 0.8186711571491284, "36": 0.9273245479106681, "37": 0.8362235398696549, "38": 0.602353637229456, "39": 0.2733281141392421, "40": 0.0603663999743852, "41": 0.9184672946128833, "42": 0.3537210345306758, "43": 0.05779277606689792, "44": 0.9641542478407674, "45": 0.3427037104448649, "46": 0.6353879505994611, "47": 0.07712468381413684, "48": 0.6288428916504044}
